voltage_slope,voltage_intercept,current_slope,current_intercept
1.0765172138648744,-16.393541639674623,1.5175846833507336,-0.09091162283945264
